{
    "loss": 0.9015481472015381,
    "accuracy": 0.9064748287200928
}